{
  "images" : [
	{
      "size" : "20x20",
      "idiom": "iphone",
	  "filename" : "icon (1024 × 1024px)-20@2x.png",
      "scale": "2x"
    },
	{
      "size" : "20x20",
      "idiom": "iphone",
	  "filename" : "icon (1024 × 1024px)-20@3x.png",
      "scale": "3x"
    },
	{
      "size" : "20x20",
      "idiom": "ipad",
	  "filename" : "icon (1024 × 1024px)-20.png",
      "scale": "1x"
    },
    {
      "size" : "20x20",
      "idiom": "ipad",
	  "filename" : "icon (1024 × 1024px)-20@2x.png",
      "scale": "2x"
    },
    {
      "size" : "29x29",
      "idiom" : "iphone",
      "filename" : "icon (1024 × 1024px)-29@2x.png",
      "scale" : "2x"
    },
    {
      "size" : "29x29",
      "idiom" : "iphone",
      "filename" : "icon (1024 × 1024px)-29@3x.png",
      "scale" : "3x"
    },
    {
      "size" : "40x40",
      "idiom" : "iphone",
      "filename" : "icon (1024 × 1024px)-40@2x.png",
      "scale" : "2x"
    },
    {
      "size" : "40x40",
      "idiom" : "iphone",
      "filename" : "icon (1024 × 1024px)-40@3x.png",
      "scale" : "3x"
    },
    {
      "size" : "60x60",
      "idiom" : "iphone",
      "filename" : "icon (1024 × 1024px)-60@2x.png",
      "scale" : "2x"
    },
    {
      "size" : "60x60",
      "idiom" : "iphone",
      "filename" : "icon (1024 × 1024px)-60@3x.png",
      "scale" : "3x"
    },
    {
      "size" : "29x29",
      "idiom" : "ipad",
      "filename" : "icon (1024 × 1024px)-29.png",
      "scale" : "1x"
    },
    {
      "size" : "29x29",
      "idiom" : "ipad",
      "filename" : "icon (1024 × 1024px)-29@2x.png",
      "scale" : "2x"
    },
    {
      "size" : "40x40",
      "idiom" : "ipad",
      "filename" : "icon (1024 × 1024px)-40.png",
      "scale" : "1x"
    },
    {
      "size" : "40x40",
      "idiom" : "ipad",
      "filename" : "icon (1024 × 1024px)-40@2x.png",
      "scale" : "2x"
    },
    {
      "size" : "76x76",
      "idiom" : "ipad",
      "filename" : "icon (1024 × 1024px)-76.png",
      "scale" : "1x"
    },
    {
      "size" : "76x76",
      "idiom" : "ipad",
      "filename" : "icon (1024 × 1024px)-76@2x.png",
      "scale" : "2x"
    },
    {
      "size" : "83.5x83.5",
      "idiom" : "ipad",
      "filename" : "icon (1024 × 1024px)-83.5@2x.png",
      "scale" : "2x"
    },
    {
      "size" : "1024x1024",
      "idiom" : "ios-marketing",
      "filename" : "icon (1024 × 1024px)-1024.png",
      "scale" : "1x"
    }
  ],
  "info" : {
    "version" : 1,
    "author" : "xcode"
  }
}
